{
  "items": {
    "U AIRISM COTTON CREW NECK OVERSIZED HALF SLEEVE T-SHIRT": {
      "category": "Tops",
      "title": "U AIRISM COTTON CREW NECK OVERSIZED HALF SLEEVE T-SHIRT",
      "imageSrc": "https://image.uniqlo.com/UQ/ST3/eu/imagesgoods/452404/item/eugoods_09_452404.jpg?width=450&impolicy=quality_70",
      "active": true,
      "measurements": {
        "Chest": ["23", "58.5"],
        "Length": ["28.14", "71.5"],
        "Shoulders": ["21.25", "54"],
        "Sleeve Length": ["21.67", "55"]
      }
    },
    "MA-1 Anatomicouture Bomber FW13 SZ2 46/4": {
      "category": "Outerwear",
      "active": false,
      "title": "MA-1 Anatomicouture Bomber FW13 SZ2 46/4",
      "imageSrc": "https://process.fs.grailed.com/AJdAgnqCST4iPtnUxiGtTz/auto_image/cache=expiry:max/rotate=deg:exif/resize=height:1400/output=quality:50/no_metadata/compress/a95PwhCATh6byV5TvPdU",
      "measurements": {
        "Chest": ["22", "55.9"],
        "Length": ["30", "76.2"],
        "Shoulders": ["18", "45.7"],
        "Sleeve Length": ["25", "63.5"],
        "Hem": ["22", "80"]
      }
    }
  }
}
